NombreAgente;UbicacionLatitud;UbicacionLongitud;7ton_3500kg;20ton_12000kg;trailer_24000kg;remolque_25000kg;megatrailer_24000kg
Transporte1;-20.219568677208894;-70.14643986081502;4;1;0;3;1
Transporte2;-20.20348416925073;-70.1414603006826;2;3;1;2;0
Transporte3;-20.23115381502479;-70.13055098138959;5;0;4;2;3
Transporte4;-20.27541051477007;-70.1269047769906;0;2;5;4;4
Transporte5;-20.233989082538262;-70.14622350306523;1;4;2;1;5
Transporte6;-20.240192706800233;-70.13119352720061;3;5;3;5;2
Transporte7;-20.23035700033303;-70.1390767005765;4;1;0;3;1
Transporte8;-20.219589579471364;-70.1413915476623;2;3;1;2;0
Transporte9;-20.20649433116391;-70.1380198857143;5;0;4;2;3
Transporte10;-20.217635200328186;-70.13964095525864;0;2;5;4;4
