NombreAgente;CantidadPoblacion;UbicacionLatitud;UbicacionLongitud;StockBotellas_500_cc;StockBotellas_1000_cc;StockBotellas_1600_cc;StockBotellas_2000_cc;StockBotellas_2250_cc;StockBotellas_20000_cc
PuntoDistribucion1;200;-20.236043802578774;-70.1330769491358;0;0;0;0;0;0
PuntoDistribucion2;350;-20.228004023612236;-70.13546846102417;0;0;0;0;0;0
PuntoDistribucion3;150;-20.25063442392712;-70.13104237058373;0;0;0;0;0;0
PuntoDistribucion4;400;-20.27266519680149;-70.1287681102482;0;0;0;0;0;0
PuntoDistribucion5;300;-20.241352976179755;-70.14007674054022;0;0;0;0;0;0
PuntoDistribucion6;250;-20.270572699370614;-70.12622224300904;0;0;0;0;0;0
PuntoDistribucion7;180;-20.248295501257584;-70.13081148443756;0;0;0;0;0;0
PuntoDistribucion8;320;-20.228718599048406;-70.14162841043832;0;0;0;0;0;0
PuntoDistribucion9;420;-20.263125091197544;-70.12950758353703;0;0;0;0;0;0
PuntoDistribucion10;270;-20.2153752006068;-70.14134992409173;0;0;0;0;0;0
PuntoDistribucion11;230;-20.224612868639586;-70.13311593539419;0;0;0;0;0;0
PuntoDistribucion12;190;-20.220729509220007;-70.14903091201458;0;0;0;0;0;0
PuntoDistribucion13;380;-20.227750207287233;-70.14786426056983;0;0;0;0;0;0
PuntoDistribucion14;280;-20.215394985716756;-70.15240789422089;0;0;0;0;0;0
PuntoDistribucion15;310;-20.21930615507085;-70.13495745094296;0;0;0;0;0;0
PuntoDistribucion16;260;-20.232979412479597;-70.13685648921526;0;0;0;0;0;0
PuntoDistribucion17;200;-20.249922580944606;-70.13540565435767;0;0;0;0;0;0
PuntoDistribucion18;330;-20.22693003786394;-70.14486961682685;0;0;0;0;0;0
PuntoDistribucion19;170;-20.244156610906728;-70.13833147863227;0;0;0;0;0;0
PuntoDistribucion20;290;-20.208286017901592;-70.14511745655209;0;0;0;0;0;0
PuntoDistribucion21;240;-20.26425373834608;-70.127298505101;0;0;0;0;0;0
PuntoDistribucion22;260;-20.22415292368444;-70.14306886892263;0;0;0;0;0;0
PuntoDistribucion23;350;-20.222580321122038;-70.13780847529628;0;0;0;0;0;0
PuntoDistribucion24;400;-20.208284204137282;-70.14761336279528;0;0;0;0;0;0
PuntoDistribucion25;300;-20.25108841102527;-70.12755047572387;0;0;0;0;0;0
