NombreAgente;UbicacionLatitud;UbicacionLongitud;StockBotellas_500_cc;StockBotellas_1000_cc;StockBotellas_1600_cc;StockBotellas_2000_cc;StockBotellas_2250_cc;StockBotellas_20000_cc
Donador1;-20.234008651890846;-70.14310234876415;961;1121;1462;1048;1974;876
Donador2;-20.211367976452753;-70.14316015614698;1035;752;1205;1333;1885;1522
Donador3;-20.238442675890404;-70.14405616121182;1123;1589;1337;985;725;1424
Donador4;-20.203873843500517;-70.1369341682778;1487;1176;1735;1078;1259;1198
Donador5;-20.217971602826438;-70.1507324509796;1289;1456;1598;1350;1345;1431
Donador6;-20.25276496157892;-70.13400286267819;1156;1273;1109;1111;1366;1659
Donador7;-20.255670541601766;-70.12704807321484;1452;1384;1320;1377;1075;1943
Donador8;-20.21853093153196;-70.14364415782168;1078;1642;1297;1229;1913;864
Donador9;-20.246396445513263;-70.1336915281035;1349;1255;1164;1575;1732;1342
Donador10;-20.25458904308809;-70.13200595028546;1492;1540;1525;1572;1680;1523
